ENSG00000000003.10	TSPAN6	Variable	nonPAR
ENSG00000000005.5	TNMD	Unknown	nonPAR
ENSG00000001497.12	LAS1L	Inactive	nonPAR
ENSG00000002586.13	CD99	Escape	PAR
ENSG00000003096.9	KLHL13	Inactive	nonPAR
ENSG00000004848.6	ARX	Unknown	nonPAR
ENSG00000004961.10	HCCS	Inactive	nonPAR
ENSG00000005022.5	SLC25A5	Inactive	nonPAR
ENSG00000005302.13	MSL3	Escape	nonPAR
ENSG00000005889.11	ZFX	Escape	nonPAR
ENSG00000005893.11	LAMP2	Inactive	nonPAR
ENSG00000006756.11	ARSD	Escape	nonPAR
ENSG00000006757.7	PNPLA4	Escape	nonPAR
ENSG00000007350.12	TKTL1	Inactive	nonPAR
ENSG00000007952.13	NOX1	Escape	nonPAR
ENSG00000008056.8	SYN1	Inactive	nonPAR
ENSG00000008086.6	CDKL5	Inactive	nonPAR
ENSG00000009694.9	TENM1	Inactive	nonPAR
ENSG00000010404.13	IDS	Inactive	nonPAR
ENSG00000010671.11	BTK	Inactive	nonPAR
ENSG00000011201.6	KAL1	Escape	nonPAR
ENSG00000011677.8	GABRA3	Variable	nonPAR
ENSG00000012174.7	MBTPS2	Inactive	nonPAR
ENSG00000012211.8	PRICKLE3	Inactive	nonPAR
ENSG00000013563.9	DNASE1L1	Inactive	nonPAR
ENSG00000013619.9	MAMLD1	Inactive	nonPAR
ENSG00000015285.6	WAS	Variable	nonPAR
ENSG00000017483.10	SLC38A5	Inactive	nonPAR
ENSG00000017621.11	MAGIX	Inactive	nonPAR
ENSG00000018610.9	CXorf56	Inactive	nonPAR
ENSG00000022267.12	FHL1	Inactive	nonPAR
ENSG00000029993.10	HMGB3	Inactive	nonPAR
ENSG00000036473.6	OTC	Variable	nonPAR
ENSG00000044446.7	PHKA2	Inactive	nonPAR
ENSG00000046647.9	GEMIN8	Escape	nonPAR
ENSG00000046651.10	OFD1	Escape	nonPAR
ENSG00000046653.10	GPM6B	Escape	nonPAR
ENSG00000046774.9	MAGEC2	Unknown	nonPAR
ENSG00000047230.10	CTPS2	Variable	nonPAR
ENSG00000047597.5	XK	Variable	nonPAR
ENSG00000047634.10	SCML1	Inactive	nonPAR
ENSG00000047644.13	WWC3	Inactive	nonPAR
ENSG00000047648.17	ARHGAP6	Inactive	nonPAR
ENSG00000049768.10	FOXP3	Inactive	nonPAR
ENSG00000049769.8	PPP1R3F	Inactive	nonPAR
ENSG00000050030.9	KIAA2022	Inactive	nonPAR
ENSG00000056277.11	ZNF280C	Variable	nonPAR
ENSG00000056998.14	GYG2	Escape	nonPAR
ENSG00000062096.10	ARSF	Escape	nonPAR
ENSG00000063587.12	ZNF275	Inactive	nonPAR
ENSG00000063601.12	MTMR1	Inactive	nonPAR
ENSG00000065923.5	SLC9A7	Inactive	nonPAR
ENSG00000067177.10	PHKA1	Inactive	nonPAR
ENSG00000067445.16	TRO	Inactive	nonPAR
ENSG00000067829.14	IDH3G	Inactive	nonPAR
ENSG00000067840.8	PDZD4	Inactive	nonPAR
ENSG00000067842.13	ATP2B3	Inactive	nonPAR
ENSG00000067992.8	PDK3	Inactive	nonPAR
ENSG00000068308.9	OTUD5	Inactive	nonPAR
ENSG00000068323.12	TFE3	Inactive	nonPAR
ENSG00000068354.11	TBC1D25	Inactive	nonPAR
ENSG00000068366.15	ACSL4	Inactive	nonPAR
ENSG00000068394.9	GPKOW	Inactive	nonPAR
ENSG00000068400.9	GRIPAP1	Inactive	nonPAR
ENSG00000068438.10	FTSJ1	Inactive	nonPAR
ENSG00000068985.4	PAGE1	Unknown	nonPAR
ENSG00000069509.5	FUNDC1	Escape	nonPAR
ENSG00000069535.12	MAOB	Inactive	nonPAR
ENSG00000071553.12	ATP6AP1	Inactive	nonPAR
ENSG00000071859.10	FAM50A	Inactive	nonPAR
ENSG00000071889.12	FAM3A	Inactive	nonPAR
ENSG00000072133.6	RPS6KA6	Inactive	nonPAR
ENSG00000072315.3	TRPC5	Variable	nonPAR
ENSG00000072501.13	SMC1A	Escape	nonPAR
ENSG00000072506.8	HSD17B10	Inactive	nonPAR
ENSG00000073009.8	IKBKG	Escape	nonPAR
ENSG00000073464.7	CLCN4	Inactive	nonPAR
ENSG00000076716.7	GPC4	Inactive	nonPAR
ENSG00000076770.10	MBNL3	Inactive	nonPAR
ENSG00000077264.10	PAK3	Inactive	nonPAR
ENSG00000077274.7	CAPN6	Inactive	nonPAR
ENSG00000077279.12	DCX	Inactive	nonPAR
ENSG00000077713.14	SLC25A43	Inactive	nonPAR
ENSG00000077721.11	UBE2A	Inactive	nonPAR
ENSG00000078061.8	ARAF	Inactive	nonPAR
ENSG00000078589.8	P2RY10	Variable	nonPAR
ENSG00000078596.6	ITM2A	Inactive	nonPAR
ENSG00000079482.11	OPHN1	Inactive	nonPAR
ENSG00000080561.9	MID2	Variable	nonPAR
ENSG00000080572.8	PIH1D3	Escape	nonPAR
ENSG00000082458.7	DLG3	Inactive	nonPAR
ENSG00000083750.8	RRAGB	Inactive	nonPAR
ENSG00000085185.11	BCORL1	Inactive	nonPAR
ENSG00000085224.16	ATRX	Inactive	nonPAR
ENSG00000086712.8	TXLNG	Escape	nonPAR
ENSG00000086717.14	PPEF1	Variable	nonPAR
ENSG00000086758.11	HUWE1	Inactive	nonPAR
ENSG00000087842.6	PIR	Variable	nonPAR
ENSG00000087916.7	SLC6A14	Inactive	nonPAR
ENSG00000089289.11	IGBP1	Inactive	nonPAR
ENSG00000089472.12	HEPH	Inactive	nonPAR
ENSG00000089682.12	RBM41	Inactive	nonPAR
ENSG00000089820.11	ARHGAP4	Variable	nonPAR
ENSG00000090776.5	EFNB1	Inactive	nonPAR
ENSG00000090889.10	KIF4A	Inactive	nonPAR
ENSG00000091482.5	SMPX	Inactive	nonPAR
ENSG00000094631.14	HDAC6	Inactive	nonPAR
ENSG00000094841.9	UPRT	Inactive	nonPAR
ENSG00000099399.5	MAGEB2	Unknown	nonPAR
ENSG00000101811.9	CSTF2	Inactive	nonPAR
ENSG00000101812.8	H2BFM	Unknown	nonPAR
ENSG00000101825.7	MXRA5	Escape	nonPAR
ENSG00000101842.9	VSIG1	Unknown	nonPAR
ENSG00000101843.14	PSMD10	Inactive	nonPAR
ENSG00000101844.13	ATG4A	Inactive	nonPAR
ENSG00000101846.6	STS	Escape	nonPAR
ENSG00000101849.11	TBL1X	Variable	nonPAR
ENSG00000101850.8	GPR143	Variable	nonPAR
ENSG00000101856.8	PGRMC1	Inactive	nonPAR
ENSG00000101868.6	POLA1	Inactive	nonPAR
ENSG00000101871.10	MID1	Inactive	nonPAR
ENSG00000101882.5	NKAP	Inactive	nonPAR
ENSG00000101883.4	RHOXF1	Unknown	nonPAR
ENSG00000101888.7	NXT2	Inactive	nonPAR
ENSG00000101890.4	GUCY2F	Variable	nonPAR
ENSG00000101892.7	ATP1B4	Inactive	nonPAR
ENSG00000101901.6	ALG13	Variable	nonPAR
ENSG00000101911.8	PRPS2	Inactive	nonPAR
ENSG00000101916.11	TLR8	Unknown	nonPAR
ENSG00000101928.8	MOSPD1	Inactive	nonPAR
ENSG00000101935.5	AMMECR1	Inactive	nonPAR
ENSG00000101938.10	CHRDL1	Inactive	nonPAR
ENSG00000101940.13	WDR13	Inactive	nonPAR
ENSG00000101945.12	SUV39H1	Inactive	nonPAR
ENSG00000101951.12	PAGE4	Unknown	nonPAR
ENSG00000101955.10	SRPX	Variable	nonPAR
ENSG00000101958.9	GLRA2	Inactive	nonPAR
ENSG00000101966.8	XIAP	Inactive	nonPAR
ENSG00000101972.14	STAG2	Inactive	nonPAR
ENSG00000101974.10	ATP11C	Inactive	nonPAR
ENSG00000101977.15	MCF2	Inactive	nonPAR
ENSG00000101981.6	F9	Variable	nonPAR
ENSG00000101986.8	ABCD1	Inactive	nonPAR
ENSG00000101997.8	CCDC22	Inactive	nonPAR
ENSG00000102001.8	CACNA1F	Inactive	nonPAR
ENSG00000102003.6	SYP	Inactive	nonPAR
ENSG00000102007.6	PLP2	Inactive	nonPAR
ENSG00000102010.10	BMX	Variable	nonPAR
ENSG00000102021.6	LUZP4	Unknown	nonPAR
ENSG00000102024.13	PLS3	Variable	nonPAR
ENSG00000102030.11	NAA10	Variable	nonPAR
ENSG00000102032.8	RENBP	Escape	nonPAR
ENSG00000102034.12	ELF4	Inactive	nonPAR
ENSG00000102038.11	SMARCA1	Inactive	nonPAR
ENSG00000102043.11	MTMR8	Inactive	nonPAR
ENSG00000102048.11	ASB9	Inactive	nonPAR
ENSG00000102053.11	ZC3H12B	Inactive	nonPAR
ENSG00000102054.13	RBBP7	Variable	nonPAR
ENSG00000102057.5	KCND1	Inactive	nonPAR
ENSG00000102069.3	UBE2NL	Unknown	nonPAR
ENSG00000102076.5	OPN1LW	Unknown	nonPAR
ENSG00000102078.11	SLC25A14	Inactive	nonPAR
ENSG00000102080.8	TEX28P2	Unknown	nonPAR
ENSG00000102081.9	FMR1	Inactive	nonPAR
ENSG00000102096.9	PIM2	Inactive	nonPAR
ENSG00000102098.13	SCML2	Inactive	nonPAR
ENSG00000102100.10	SLC35A2	Inactive	nonPAR
ENSG00000102103.11	PQBP1	Variable	nonPAR
ENSG00000102104.8	RS1	Inactive	nonPAR
ENSG00000102109.7	PCSK1N	Unknown	nonPAR
ENSG00000102119.6	EMD	Unknown	nonPAR
ENSG00000102125.11	TAZ	Inactive	nonPAR
ENSG00000102128.6	RAB40AL	Unknown	nonPAR
ENSG00000102144.9	PGK1	Inactive	nonPAR
ENSG00000102145.9	GATA1	Inactive	nonPAR
ENSG00000102158.15	MAGT1	Inactive	nonPAR
ENSG00000102172.11	SMS	Inactive	nonPAR
ENSG00000102174.7	PHEX	Variable	nonPAR
ENSG00000102178.8	UBL4A	Inactive	nonPAR
ENSG00000102181.15	CD99L2	Inactive	nonPAR
ENSG00000102195.7	GPR50	Unknown	nonPAR
ENSG00000102218.5	RP2	Inactive	nonPAR
ENSG00000102221.9	PHF16	Inactive	nonPAR
ENSG00000102225.11	CDK16	Escape	nonPAR
ENSG00000102226.5	USP11	Inactive	nonPAR
ENSG00000102230.9	PCYT1B	Inactive	nonPAR
ENSG00000102239.4	BRS3	Variable	nonPAR
ENSG00000102241.7	HTATSF1	Inactive	nonPAR
ENSG00000102243.8	VGLL1	Escape	nonPAR
ENSG00000102245.3	CD40LG	Variable	nonPAR
ENSG00000102265.7	TIMP1	Variable	nonPAR
ENSG00000102271.9	KLHL4	Inactive	nonPAR
ENSG00000102287.12	GABRE	Variable	nonPAR
ENSG00000102290.17	PCDH11X	Variable	nonPAR
ENSG00000102302.7	FGD1	Inactive	nonPAR
ENSG00000102309.8	PIN4	Inactive	nonPAR
ENSG00000102312.16	PORCN	Inactive	nonPAR
ENSG00000102313.8	ITIH6	Unknown	nonPAR
ENSG00000102316.12	MAGED2	Inactive	nonPAR
ENSG00000102317.13	RBM3	Variable	nonPAR
ENSG00000102349.10	KLF8	Inactive	nonPAR
ENSG00000102359.5	SRPX2	Variable	nonPAR
ENSG00000102362.11	SYTL4	Escape	nonPAR
ENSG00000102383.9	ZDHHC15	Inactive	nonPAR
ENSG00000102384.9	CENPI	Inactive	nonPAR
ENSG00000102385.8	DRP2	Inactive	nonPAR
ENSG00000102387.11	TAF7L	Escape	nonPAR
ENSG00000102390.6	PBDC1	Inactive	nonPAR
ENSG00000102393.5	GLA	Inactive	nonPAR
ENSG00000102401.15	ARMCX3	Inactive	nonPAR
ENSG00000102409.9	BEX4	Inactive	nonPAR
ENSG00000120280.5	CXorf21	Variable	nonPAR
ENSG00000120289.10	MAGEB4	Unknown	nonPAR
ENSG00000120498.9	TEX11	Unknown	nonPAR
ENSG00000120500.13	ARR3	Inactive	nonPAR
ENSG00000120509.6	PDZD11	Unknown	nonPAR
ENSG00000122121.6	XPNPEP2	Inactive	nonPAR
ENSG00000122122.9	SASH3	Inactive	nonPAR
ENSG00000122126.11	OCRL	Inactive	nonPAR
ENSG00000122145.10	TBX22	Unknown	nonPAR
ENSG00000122824.6	NUDT10	Inactive	nonPAR
ENSG00000123130.12	ACOT9	Inactive	nonPAR
ENSG00000123131.8	PRDX4	Inactive	nonPAR
ENSG00000123165.7	ACTRT1	Unknown	nonPAR
ENSG00000123496.3	IL13RA2	Unknown	nonPAR
ENSG00000123560.9	PLP1	Inactive	nonPAR
ENSG00000123561.10	SERPINA7	Unknown	nonPAR
ENSG00000123562.12	MORF4L2	Inactive	nonPAR
ENSG00000123569.7	H2BFWT	Unknown	nonPAR
ENSG00000123570.3	RAB9B	Inactive	nonPAR
ENSG00000123572.12	NRK	Inactive	nonPAR
ENSG00000123575.8	FAM199X	Inactive	nonPAR
ENSG00000123576.5	ESX1	Unknown	nonPAR
ENSG00000123584.7	MAGEA9B	Unknown	nonPAR
ENSG00000123594.3	ATXN3L	Variable	nonPAR
ENSG00000123595.5	RAB9A	Escape	nonPAR
ENSG00000123728.5	RAP2C	Inactive	nonPAR
ENSG00000124260.7	MAGEA10	Unknown	nonPAR
ENSG00000124313.8	IQSEC2	Escape	nonPAR
ENSG00000124333.10	VAMP7	Inactive	PAR
ENSG00000124334.12	IL9R	Variable	PAR
ENSG00000124343.8	XG	Escape	nonPAR
ENSG00000124429.13	POF1B	Variable	nonPAR
ENSG00000124479.8	NDP	Variable	nonPAR
ENSG00000124486.8	USP9X	Escape	nonPAR
ENSG00000125351.6	UPF3B	Inactive	nonPAR
ENSG00000125352.4	RNF113A	Inactive	nonPAR
ENSG00000125354.18	6-Sep	Inactive	nonPAR
ENSG00000125355.11	TMEM255A	Inactive	nonPAR
ENSG00000125356.6	NDUFA1	Inactive	nonPAR
ENSG00000125363.10	AMELX	Unknown	nonPAR
ENSG00000125675.13	GRIA3	Variable	nonPAR
ENSG00000125676.15	THOC2	Inactive	nonPAR
ENSG00000125931.6	CITED1	Inactive	nonPAR
ENSG00000125962.10	ARMCX5	Unknown	nonPAR
ENSG00000126010.5	GRPR	Variable	nonPAR
ENSG00000126012.7	KDM5C	Escape	nonPAR
ENSG00000126016.9	AMOT	Inactive	nonPAR
ENSG00000126733.16	DACH2	Variable	nonPAR
ENSG00000126752.7	SSX1	Unknown	nonPAR
ENSG00000126756.7	UXT	Inactive	nonPAR
ENSG00000126759.8	CFP	Inactive	nonPAR
ENSG00000126767.13	ELK1	Inactive	nonPAR
ENSG00000126768.8	TIMM17B	Inactive	nonPAR
ENSG00000126890.13	CTAG2	Unknown	nonPAR
ENSG00000126895.9	AVPR2	Variable	nonPAR
ENSG00000126903.11	SLC10A3	Inactive	nonPAR
ENSG00000126945.8	HNRNPH2	Inactive	nonPAR
ENSG00000126947.7	ARMCX1	Inactive	nonPAR
ENSG00000126950.7	TMEM35	Inactive	nonPAR
ENSG00000126952.12	NXF5	Escape	nonPAR
ENSG00000126953.5	TIMM8A	Inactive	nonPAR
ENSG00000126970.11	ZC4H2	Inactive	nonPAR
ENSG00000129675.11	ARHGEF6	Inactive	nonPAR
ENSG00000129680.11	MAP7D3	Inactive	nonPAR
ENSG00000129682.9	FGF13	Variable	nonPAR
ENSG00000130021.9	HDHD1	Escape	nonPAR
ENSG00000130032.11	PRRG3	Unknown	nonPAR
ENSG00000130052.9	STARD8	Inactive	nonPAR
ENSG00000130054.4	FAM155B	Unknown	nonPAR
ENSG00000130055.9	GDPD2	Unknown	nonPAR
ENSG00000130066.12	SAT1	Inactive	nonPAR
ENSG00000130119.11	GNL3L	Inactive	nonPAR
ENSG00000130150.7	MOSPD2	Inactive	nonPAR
ENSG00000130224.10	LRCH2	Inactive	nonPAR
ENSG00000130234.6	ACE2	Escape	nonPAR
ENSG00000130385.5	BMP15	Unknown	nonPAR
ENSG00000130741.6	EIF2S3	Escape	nonPAR
ENSG00000130821.11	SLC6A8	Unknown	nonPAR
ENSG00000130822.11	PNCK	Variable	nonPAR
ENSG00000130826.11	DKC1	Inactive	nonPAR
ENSG00000130827.5	PLXNA3	Inactive	nonPAR
ENSG00000130829.13	DUSP9	Inactive	nonPAR
ENSG00000130830.10	MPP1	Inactive	nonPAR
ENSG00000130962.13	PRRG1	Inactive	nonPAR
ENSG00000130985.12	UBA1	Escape	nonPAR
ENSG00000130988.8	RGN	Inactive	nonPAR
ENSG00000131080.10	EDA2R	Inactive	nonPAR
ENSG00000131089.9	ARHGEF9	Inactive	nonPAR
ENSG00000131171.8	SH3BGRL	Variable	nonPAR
ENSG00000131174.4	COX7B	Variable	nonPAR
ENSG00000131263.8	RLIM	Inactive	nonPAR
ENSG00000131264.3	CDX4	Unknown	nonPAR
ENSG00000131269.11	ABCB7	Inactive	nonPAR
ENSG00000131721.4	RHOXF2	Inactive	nonPAR
ENSG00000131724.6	IL13RA1	Inactive	nonPAR
ENSG00000131725.9	WDR44	Inactive	nonPAR
ENSG00000131828.9	PDHA1	Inactive	nonPAR
ENSG00000131831.13	RAI2	Inactive	nonPAR
ENSG00000132446.5	FTHL17	Unknown	nonPAR
ENSG00000133124.10	IRS4	Unknown	nonPAR
ENSG00000133131.10	MORC4	Inactive	nonPAR
ENSG00000133134.7	BEX2	Inactive	nonPAR
ENSG00000133135.9	RNF128	Unknown	nonPAR
ENSG00000133136.3	GNG5P2	Unknown	nonPAR
ENSG00000133138.15	TBC1D8B	Inactive	nonPAR
ENSG00000133142.13	TCEAL4	Inactive	nonPAR
ENSG00000133149.5	TEX13A	Unknown	nonPAR
ENSG00000133169.5	BEX1	Unknown	nonPAR
ENSG00000134588.8	USP26	Unknown	nonPAR
ENSG00000134590.9	FAM127A	Inactive	nonPAR
ENSG00000134594.4	RAB33A	Inactive	nonPAR
ENSG00000134595.6	SOX3	Unknown	nonPAR
ENSG00000134597.9	RBMX2	Inactive	nonPAR
ENSG00000134602.11	MST4	Inactive	nonPAR
ENSG00000146938.10	NLGN4X	Variable	nonPAR
ENSG00000146950.8	SHROOM2	Variable	nonPAR
ENSG00000147003.5	TMEM27	Escape	nonPAR
ENSG00000147010.13	SH3KBP1	Inactive	nonPAR
ENSG00000147027.3	TMEM47	Unknown	nonPAR
ENSG00000147036.7	LANCL3	Variable	nonPAR
ENSG00000147041.7	SYTL5	Inactive	nonPAR
ENSG00000147044.16	CASK	Inactive	nonPAR
ENSG00000147050.10	KDM6A	Escape	nonPAR
ENSG00000147059.7	SPIN2A	Inactive	nonPAR
ENSG00000147065.12	MSN	Inactive	nonPAR
ENSG00000147081.10	AKAP4	Inactive	nonPAR
ENSG00000147082.13	CCNB3	Inactive	nonPAR
ENSG00000147099.15	HDAC8	Inactive	nonPAR
ENSG00000147100.5	SLC16A2	Inactive	nonPAR
ENSG00000147113.12	CXorf36	Inactive	nonPAR
ENSG00000147117.7	ZNF157	Variable	nonPAR
ENSG00000147118.6	ZNF182	Inactive	nonPAR
ENSG00000147119.3	CHST7	Inactive	nonPAR
ENSG00000147121.11	KRBOX4	Inactive	nonPAR
ENSG00000147123.10	NDUFB11	Inactive	nonPAR
ENSG00000147124.8	ZNF41	Inactive	nonPAR
ENSG00000147127.4	RAB41	Inactive	nonPAR
ENSG00000147130.10	ZMYM3	Inactive	nonPAR
ENSG00000147133.11	TAF1	Inactive	nonPAR
ENSG00000147138.1	GPR174	Variable	nonPAR
ENSG00000147140.11	NONO	Inactive	nonPAR
ENSG00000147144.8	CCDC120	Inactive	nonPAR
ENSG00000147145.8	LPAR4	Inactive	nonPAR
ENSG00000147155.6	EBP	Unknown	nonPAR
ENSG00000147160.5	AWAT2	Unknown	nonPAR
ENSG00000147162.9	OGT	Inactive	nonPAR
ENSG00000147164.7	SNX12	Inactive	nonPAR
ENSG00000147166.6	ITGB1BP2	Inactive	nonPAR
ENSG00000147168.8	IL2RG	Unknown	nonPAR
ENSG00000147174.7	ACRC	Inactive	nonPAR
ENSG00000147180.12	ZNF711	Variable	nonPAR
ENSG00000147183.5	CPXCR1	Escape	nonPAR
ENSG00000147202.13	DIAPH2	Inactive	nonPAR
ENSG00000147206.12	NXF3	Variable	nonPAR
ENSG00000147223.5	RIPPLY1	Inactive	nonPAR
ENSG00000147224.6	PRPS1	Inactive	nonPAR
ENSG00000147231.9	CXorf57	Inactive	nonPAR
ENSG00000147234.6	FRMPD3	Variable	nonPAR
ENSG00000147246.5	HTR2C	Escape	nonPAR
ENSG00000147251.11	DOCK11	Inactive	nonPAR
ENSG00000147255.13	IGSF1	Inactive	nonPAR
ENSG00000147256.6	ARHGAP36	Inactive	nonPAR
ENSG00000147257.9	GPC3	Inactive	nonPAR
ENSG00000147262.2	GPR119	Unknown	nonPAR
ENSG00000147274.10	RBMX	Inactive	nonPAR
ENSG00000147378.7	FATE1	Unknown	nonPAR
ENSG00000147380.6	OPN1MW	Unknown	nonPAR
ENSG00000147381.7	MAGEA4	Escape	nonPAR
ENSG00000147382.14	FAM58A	Inactive	nonPAR
ENSG00000147383.6	NSDHL	Inactive	nonPAR
ENSG00000147394.14	ZNF185	Inactive	nonPAR
ENSG00000147400.8	CETN2	Inactive	nonPAR
ENSG00000147402.7	GABRQ	Unknown	nonPAR
ENSG00000147403.12	RPL10	Inactive	nonPAR
ENSG00000149970.10	CNKSR2	Variable	nonPAR
ENSG00000153779.8	TGIF2LX	Unknown	nonPAR
ENSG00000154545.12	MAGED4	Unknown	nonPAR
ENSG00000155008.9	APOOL	Inactive	nonPAR
ENSG00000155495.8	MAGEC1	Unknown	nonPAR
ENSG00000155622.6	XAGE2B	Unknown	nonPAR
ENSG00000155659.10	VSIG4	Variable	nonPAR
ENSG00000155959.6	VBP1	Inactive	nonPAR
ENSG00000155961.4	RAB39B	Inactive	nonPAR
ENSG00000155962.8	CLIC2	Inactive	nonPAR
ENSG00000155966.9	AFF2	Variable	nonPAR
ENSG00000155984.10	TMEM185A	Inactive	nonPAR
ENSG00000156009.5	MAGEA8	Variable	nonPAR
ENSG00000156298.8	TSPAN7	Inactive	nonPAR
ENSG00000156313.8	RPGR	Inactive	nonPAR
ENSG00000156500.10	FAM122C	Inactive	nonPAR
ENSG00000156504.12	FAM122B	Variable	nonPAR
ENSG00000156531.12	PHF6	Inactive	nonPAR
ENSG00000156697.8	UTP14A	Inactive	nonPAR
ENSG00000156709.9	AIFM1	Inactive	nonPAR
ENSG00000156920.6	GPR112	Escape	nonPAR
ENSG00000156925.7	ZIC3	Unknown	nonPAR
ENSG00000157399.10	ARSE	Escape	nonPAR
ENSG00000157502.8	MUM1L1	Inactive	nonPAR
ENSG00000157514.12	TSC22D3	Inactive	nonPAR
ENSG00000157600.7	TMEM164	Inactive	nonPAR
ENSG00000157625.11	TAB3	Inactive	nonPAR
ENSG00000157950.10	SSX2B	Unknown	nonPAR
ENSG00000158164.6	TMSB15A	Inactive	nonPAR
ENSG00000158290.12	CUL4B	Inactive	nonPAR
ENSG00000158301.14	GPRASP2	Inactive	nonPAR
ENSG00000158352.11	SHROOM4	Inactive	nonPAR
ENSG00000158423.12	RIBC1	Escape	nonPAR
ENSG00000158427.10	TMSB15B	Inactive	nonPAR
ENSG00000158526.7	TSR2	Inactive	nonPAR
ENSG00000158571.6	PFKFB1	Inactive	nonPAR
ENSG00000158578.14	ALAS2	Inactive	nonPAR
ENSG00000158639.7	PAGE5	Unknown	nonPAR
ENSG00000158813.13	EDA	Inactive	nonPAR
ENSG00000159123.10	DMRTC1	Unknown	nonPAR
ENSG00000160131.9	VMA21	Inactive	nonPAR
ENSG00000160211.11	G6PD	Inactive	nonPAR
ENSG00000160219.7	GAB3	Inactive	nonPAR
ENSG00000165164.8	CXorf22	Escape	nonPAR
ENSG00000165168.6	CYBB	Inactive	nonPAR
ENSG00000165169.6	DYNLT3	Inactive	nonPAR
ENSG00000165175.11	MID1IP1	Inactive	nonPAR
ENSG00000165182.6	CXorf58	Inactive	nonPAR
ENSG00000165186.9	PTCHD1	Variable	nonPAR
ENSG00000165192.9	ASB11	Variable	nonPAR
ENSG00000165194.10	PCDH19	Escape	nonPAR
ENSG00000165195.9	PIGA	Inactive	nonPAR
ENSG00000165197.4	FIGF	Inactive	nonPAR
ENSG00000165240.13	ATP7A	Variable	nonPAR
ENSG00000165259.9	HDX	Inactive	nonPAR
ENSG00000165288.10	BRWD3	Inactive	nonPAR
ENSG00000165349.7	SLC7A3	Unknown	nonPAR
ENSG00000165359.10	DDX26B	Inactive	nonPAR
ENSG00000165370.1	GPR101	Unknown	nonPAR
ENSG00000165376.6	CLDN2	Inactive	nonPAR
ENSG00000165509.9	MAGEC3	Escape	nonPAR
ENSG00000165583.9	SSX5	Unknown	nonPAR
ENSG00000165584.11	SSX3	Unknown	nonPAR
ENSG00000165591.6	FAAH2	Inactive	nonPAR
ENSG00000165675.12	ENOX2	Inactive	nonPAR
ENSG00000165694.5	FRMD7	Variable	nonPAR
ENSG00000165704.10	HPRT1	Inactive	nonPAR
ENSG00000165775.13	FUNDC2	Inactive	nonPAR
ENSG00000166008.5	MAGEA9	Unknown	nonPAR
ENSG00000166049.10	PASD1	Escape	nonPAR
ENSG00000166160.5	OPN1MW2	Unknown	nonPAR
ENSG00000166432.10	ZMAT1	Variable	nonPAR
ENSG00000166681.9	NGFRAP1	Inactive	nonPAR
ENSG00000166707.6	ZCCHC18	Inactive	nonPAR
ENSG00000167393.12	PPP2R3B	Escape	PAR
ENSG00000168939.6	SPRY3	Inactive	PAR
ENSG00000169057.15	MECP2	Inactive	nonPAR
ENSG00000169059.8	VCX3A	Unknown	nonPAR
ENSG00000169083.11	AR	Inactive	nonPAR
ENSG00000169084.8	DHRSX	Escape	PAR
ENSG00000169093.10	ASMTL	Escape	PAR
ENSG00000169100.8	SLC25A6	Escape	PAR
ENSG00000169188.4	APEX2	Inactive	nonPAR
ENSG00000169239.8	CA5B	Escape	nonPAR
ENSG00000169249.8	ZRSR2	Escape	nonPAR
ENSG00000169297.6	NR0B1	Escape	nonPAR
ENSG00000169306.5	IL1RAPL1	Variable	nonPAR
ENSG00000169446.4	MMGT1	Inactive	nonPAR
ENSG00000169551.8	CXorf48	Unknown	nonPAR
ENSG00000169562.9	GJB1	Unknown	nonPAR
ENSG00000169891.13	REPS2	Inactive	nonPAR
ENSG00000169895.5	SYAP1	Escape	nonPAR
ENSG00000169906.5	S100G	Escape	nonPAR
ENSG00000169933.8	FRMPD4	Inactive	nonPAR
ENSG00000170925.3	TEX13B	Unknown	nonPAR
ENSG00000170935.5	NCBP2L	Unknown	nonPAR
ENSG00000170965.5	PLAC1	Variable	nonPAR
ENSG00000171004.13	HS6ST2	Escape	nonPAR
ENSG00000171054.6	OR13H1	Unknown	nonPAR
ENSG00000171100.10	MTM1	Inactive	nonPAR
ENSG00000171116.7	HSFX1	Unknown	nonPAR
ENSG00000171129.7	HSFX2	Unknown	nonPAR
ENSG00000171155.7	C1GALT1C1	Inactive	nonPAR
ENSG00000171365.11	CLCN5	Inactive	nonPAR
ENSG00000171388.9	APLN	Inactive	nonPAR
ENSG00000171402.10	XAGE3	Unknown	nonPAR
ENSG00000171405.8	XAGE5	Unknown	nonPAR
ENSG00000171433.7	GLOD5	Unknown	nonPAR
ENSG00000171478.7	SPACA5B	Unknown	nonPAR
ENSG00000171489.6	SPACA5	Unknown	nonPAR
ENSG00000171657.5	GPR82	Unknown	nonPAR
ENSG00000171659.9	GPR34	Inactive	nonPAR
ENSG00000172465.9	TCEAL1	Inactive	nonPAR
ENSG00000172476.3	RAB40A	Inactive	nonPAR
ENSG00000172534.9	HCFC1	Variable	nonPAR
ENSG00000172943.14	PHF8	Inactive	nonPAR
ENSG00000173198.4	CYSLTR1	Inactive	nonPAR
ENSG00000173275.8	ZNF449	Inactive	nonPAR
ENSG00000173674.6	EIF1AX	Escape	nonPAR
ENSG00000173681.12	CXorf23	Inactive	nonPAR
ENSG00000173698.13	GPR64	Inactive	nonPAR
ENSG00000174010.9	KLHL15	Inactive	nonPAR
ENSG00000174016.7	FAM46D	Unknown	nonPAR
ENSG00000174225.10	ARL13A	Inactive	nonPAR
ENSG00000174460.3	ZCCHC12	Unknown	nonPAR
ENSG00000174740.7	PABPC5	Unknown	nonPAR
ENSG00000175556.12	LONRF3	Inactive	nonPAR
ENSG00000175718.8	RBMXL3	Unknown	nonPAR
ENSG00000175809.3	ZNF645	Unknown	nonPAR
ENSG00000176034.8	CHDC2	Unknown	nonPAR
ENSG00000176076.6	KCNE1L	Inactive	nonPAR
ENSG00000176274.6	SLC25A53	Inactive	nonPAR
ENSG00000176746.6	MAGEB6	Unknown	nonPAR
ENSG00000176774.5	MAGEB18	Escape	nonPAR
ENSG00000176896.7	TCEANC	Escape	nonPAR
ENSG00000176988.4	FMR1NB	Variable	nonPAR
ENSG00000177138.11	FAM9B	Variable	nonPAR
ENSG00000177189.8	RPS6KA3	Inactive	nonPAR
ENSG00000177324.9	BEND2	Variable	nonPAR
ENSG00000177485.6	ZBTB33	Inactive	nonPAR
ENSG00000177504.9	VCX2	Unknown	nonPAR
ENSG00000177689.9	MAGEB10	Unknown	nonPAR
ENSG00000177854.7	TMEM187	Inactive	nonPAR
ENSG00000178605.8	GTPBP6	Escape	PAR
ENSG00000178947.8	LINC00086	Unknown	nonPAR
ENSG00000179028.4	RP11-363G10.2	Unknown	nonPAR
ENSG00000179083.5	FAM133A	Inactive	nonPAR
ENSG00000179222.13	MAGED1	Inactive	nonPAR
ENSG00000179300.3	ZCCHC5	Unknown	nonPAR
ENSG00000179304.12	FAM156B	Unknown	nonPAR
ENSG00000179363.6	TMEM31	Unknown	nonPAR
ENSG00000179542.11	SLITRK4	Unknown	nonPAR
ENSG00000180182.6	MED14	Escape	nonPAR
ENSG00000180772.6	AGTR2	Inactive	nonPAR
ENSG00000180815.10	MAP3K15	Variable	nonPAR
ENSG00000180879.9	SSR4	Inactive	nonPAR
ENSG00000180964.12	TCEAL8	Unknown	nonPAR
ENSG00000181191.11	PJA1	Inactive	nonPAR
ENSG00000181433.5	SAGE1	Unknown	nonPAR
ENSG00000181544.9	FANCB	Inactive	nonPAR
ENSG00000181704.7	YIPF6	Inactive	nonPAR
ENSG00000182162.5	P2RY8	Escape	PAR
ENSG00000182195.6	LDOC1	Inactive	nonPAR
ENSG00000182220.9	ATP6AP2	Inactive	nonPAR
ENSG00000182242.7	TEX28P1	Unknown	nonPAR
ENSG00000182287.9	AP1S2	Escape	nonPAR
ENSG00000182378.8	PLCXD1	Escape	PAR
ENSG00000182489.7	XKRX	Variable	nonPAR
ENSG00000182492.11	BGN	Inactive	nonPAR
ENSG00000182508.9	LHFPL1	Inactive	nonPAR
ENSG00000182518.9	FAM104B	Inactive	nonPAR
ENSG00000182583.8	VCX	Unknown	nonPAR
ENSG00000182646.12	FAM156A	Inactive	nonPAR
ENSG00000182712.11	CMC4	Inactive	nonPAR
ENSG00000182776.4	RP11-114H20.1	Unknown	nonPAR
ENSG00000182798.6	MAGEB17	Unknown	nonPAR
ENSG00000182872.11	RBM10	Inactive	nonPAR
ENSG00000182890.3	GLUD2	Inactive	nonPAR
ENSG00000182916.7	TCEAL7	Inactive	nonPAR
ENSG00000183035.8	CYLC1	Inactive	nonPAR
ENSG00000183304.6	FAM9A	Unknown	nonPAR
ENSG00000183305.9	MAGEA2B	Unknown	nonPAR
ENSG00000183337.12	BCOR	Inactive	nonPAR
ENSG00000183434.9	TFDP3	Unknown	nonPAR
ENSG00000183461.12	XAGE1C	Unknown	nonPAR
ENSG00000183479.8	TREX2	Inactive	nonPAR
ENSG00000183631.4	CXorf64	Escape	nonPAR
ENSG00000183678.8	CTAG1A	Unknown	nonPAR
ENSG00000183690.12	EFHC2	Variable	nonPAR
ENSG00000183837.8	PNMA3	Variable	nonPAR
ENSG00000183862.5	CNGA2	Escape	nonPAR
ENSG00000183918.10	SH2D1A	Variable	nonPAR
ENSG00000183943.5	PRKX	Escape	nonPAR
ENSG00000184033.8	CTAG1B	Unknown	nonPAR
ENSG00000184083.7	FAM120C	Inactive	nonPAR
ENSG00000184194.5	GPR173	Inactive	nonPAR
ENSG00000184205.10	TSPYL2	Inactive	nonPAR
ENSG00000184210.5	DGAT2L6	Variable	nonPAR
ENSG00000184216.7	IRAK1	Inactive	nonPAR
ENSG00000184258.5	CDR1	Inactive	nonPAR
ENSG00000184343.6	SRPK3	Variable	nonPAR
ENSG00000184368.11	MAP7D2	Inactive	nonPAR
ENSG00000184388.4	PABPC1L2B	Unknown	nonPAR
ENSG00000184481.12	FOXO4	Variable	nonPAR
ENSG00000184515.6	BEX5	Unknown	nonPAR
ENSG00000184634.11	MED12	Inactive	nonPAR
ENSG00000184675.5	AMER1	Inactive	nonPAR
ENSG00000184735.5	DDX53	Unknown	nonPAR
ENSG00000184750.11	MAGEA2	Unknown	nonPAR
ENSG00000184785.4	SMIM10	Inactive	nonPAR
ENSG00000184788.8	SATL1	Inactive	nonPAR
ENSG00000184831.9	APOO	Inactive	nonPAR
ENSG00000184867.9	ARMCX2	Inactive	nonPAR
ENSG00000184905.4	TCEAL2	Inactive	nonPAR
ENSG00000184911.10	DMRTC1B	Unknown	nonPAR
ENSG00000185010.9	F8	Inactive	nonPAR
ENSG00000185222.7	WBP5	Variable	nonPAR
ENSG00000185247.10	MAGEA11	Variable	nonPAR
ENSG00000185254.8	TEX28	Unknown	nonPAR
ENSG00000185291.6	IL3RA	Escape	PAR
ENSG00000185448.9	FAM47A	Unknown	nonPAR
ENSG00000185515.10	BRCC3	Inactive	nonPAR
ENSG00000185554.10	NXF2	Unknown	nonPAR
ENSG00000185751.4	XAGE2	Unknown	nonPAR
ENSG00000185753.8	CXorf38	Escape	nonPAR
ENSG00000185825.11	BCAP31	Inactive	nonPAR
ENSG00000185915.4	KLHL34	Unknown	nonPAR
ENSG00000185945.9	NXF2B	Unknown	nonPAR
ENSG00000185960.8	SHOX	Escape	PAR
ENSG00000185973.6	TMLHE	Inactive	nonPAR
ENSG00000185978.4	H2AFB3	Unknown	nonPAR
ENSG00000185985.7	SLITRK2	Inactive	nonPAR
ENSG00000185990.6	F8A3	Unknown	nonPAR
ENSG00000186288.4	PABPC1L2A	Unknown	nonPAR
ENSG00000186310.9	NAP1L3	Escape	nonPAR
ENSG00000186376.10	ZNF75D	Inactive	nonPAR
ENSG00000186416.8	NKRF	Inactive	nonPAR
ENSG00000186462.7	NAP1L2	Inactive	nonPAR
ENSG00000186471.8	AKAP14	Variable	nonPAR
ENSG00000186675.5	MAGEE2	Unknown	nonPAR
ENSG00000186767.5	SPIN4	Inactive	nonPAR
ENSG00000186787.7	SPIN2B	Unknown	nonPAR
ENSG00000186810.7	CXCR3	Inactive	nonPAR
ENSG00000186871.5	ERCC6L	Inactive	nonPAR
ENSG00000186912.5	P2RY4	Inactive	nonPAR
ENSG00000187243.12	MAGED4B	Unknown	nonPAR
ENSG00000187268.7	FAM9C	Escape	nonPAR
ENSG00000187325.4	TAF9B	Unknown	nonPAR
ENSG00000187516.5	CXorf27	Unknown	nonPAR
ENSG00000187601.3	MAGEH1	Inactive	nonPAR
ENSG00000187682.1	ERAS	Unknown	nonPAR
ENSG00000187690.2	CXorf67	Inactive	nonPAR
ENSG00000187754.8	SSX7	Unknown	nonPAR
ENSG00000187808.3	SOWAHD	Unknown	nonPAR
ENSG00000187823.2	ZCCHC16	Escape	nonPAR
ENSG00000187969.4	ZCCHC13	Unknown	nonPAR
ENSG00000188021.7	UBQLN2	Inactive	nonPAR
ENSG00000188153.8	COL4A5	Inactive	nonPAR
ENSG00000188158.10	NHS	Variable	nonPAR
ENSG00000188408.4	MAGEB5	Unknown	nonPAR
ENSG00000188419.9	CHM	Inactive	nonPAR
ENSG00000188706.8	ZDHHC9	Inactive	nonPAR
ENSG00000188828.7	GLRA4	Variable	nonPAR
ENSG00000188917.10	TRMT2B	Inactive	nonPAR
ENSG00000188937.5	NYX	Inactive	nonPAR
ENSG00000189023.6	MAGEB16	Inactive	nonPAR
ENSG00000189037.6	DUSP21	Unknown	nonPAR
ENSG00000189064.8	GAGE2A	Unknown	nonPAR
ENSG00000189108.8	IL1RAPL2	Variable	nonPAR
ENSG00000189132.5	FAM47B	Unknown	nonPAR
ENSG00000189186.6	DCAF8L2	Unknown	nonPAR
ENSG00000189221.5	MAOA	Escape	nonPAR
ENSG00000189252.4	SPANXN3	Unknown	nonPAR
ENSG00000189299.5	FOXR2	Unknown	nonPAR
ENSG00000189326.4	SPANXN4	Unknown	nonPAR
ENSG00000189369.7	GSPT2	Inactive	nonPAR
ENSG00000189401.2	OTUD6A	Unknown	nonPAR
ENSG00000189420.7	ZFP92	Unknown	nonPAR
ENSG00000196338.8	NLGN3	Inactive	nonPAR
ENSG00000196368.4	NUDT11	Inactive	nonPAR
ENSG00000196406.4	SPANXD	Unknown	nonPAR
ENSG00000196433.7	ASMT	Escape	PAR
ENSG00000196440.7	ARMCX4	Inactive	nonPAR
ENSG00000196459.9	TRAPPC2	Escape	nonPAR
ENSG00000196468.5	FGF16	Unknown	nonPAR
ENSG00000196507.6	TCEAL3	Unknown	nonPAR
ENSG00000196632.6	WNK3	Inactive	nonPAR
ENSG00000196664.4	TLR7	Inactive	nonPAR
ENSG00000196741.3	CXorf24	Inactive	nonPAR
ENSG00000196767.4	POU3F4	Unknown	nonPAR
ENSG00000196924.10	FLNA	Inactive	nonPAR
ENSG00000196972.6	LINC00087	Unknown	nonPAR
ENSG00000196976.5	LAGE3	Inactive	nonPAR
ENSG00000196987.2	LCA10	Inactive	nonPAR
ENSG00000196998.11	WDR45	Inactive	nonPAR
ENSG00000197021.4	CXorf40B	Inactive	nonPAR
ENSG00000197172.6	MAGEA6	Unknown	nonPAR
ENSG00000197565.11	COL4A6	Variable	nonPAR
ENSG00000197620.6	CXorf40A	Inactive	nonPAR
ENSG00000197779.9	ZNF81	Inactive	nonPAR
ENSG00000197932.3	F8A1	Inactive	nonPAR
ENSG00000197976.6	AKAP17A	Escape	PAR
ENSG00000198021.5	SPANXA1	Unknown	nonPAR
ENSG00000198034.6	RPS4X	Escape	nonPAR
ENSG00000198082.3	H2AFB1	Unknown	nonPAR
ENSG00000198088.6	NUP62CL	Variable	nonPAR
ENSG00000198157.6	HMGN5	Variable	nonPAR
ENSG00000198173.3	FAM47C	Unknown	nonPAR
ENSG00000198205.5	ZXDA	Unknown	nonPAR
ENSG00000198223.10	CSF2RA	Escape	PAR
ENSG00000198307.4	H2AFB2	Unknown	nonPAR
ENSG00000198354.4	DCAF12L2	Unknown	nonPAR
ENSG00000198444.4	F8A2	Unknown	nonPAR
ENSG00000198455.3	ZXDB	Unknown	nonPAR
ENSG00000198573.6	SPANXC	Unknown	nonPAR
ENSG00000198681.5	MAGEA1	Unknown	nonPAR
ENSG00000198689.5	SLC9A6	Inactive	nonPAR
ENSG00000198753.7	PLXNB3	Escape	nonPAR
ENSG00000198759.7	EGFL6	Inactive	nonPAR
ENSG00000198798.4	MAGEB3	Escape	nonPAR
ENSG00000198814.8	GK	Inactive	nonPAR
ENSG00000198881.8	ASB12	Inactive	nonPAR
ENSG00000198883.7	PNMA5	Variable	nonPAR
ENSG00000198889.3	DCAF12L1	Unknown	nonPAR
ENSG00000198908.7	BHLHB9	Inactive	nonPAR
ENSG00000198910.8	L1CAM	Variable	nonPAR
ENSG00000198918.7	RPL39	Inactive	nonPAR
ENSG00000198930.8	CSAG1	Inactive	nonPAR
ENSG00000198932.8	GPRASP1	Inactive	nonPAR
ENSG00000198934.3	MAGEE1	Variable	nonPAR
ENSG00000198946.3	SSX4B	Unknown	nonPAR
ENSG00000198947.10	DMD	Inactive	nonPAR
ENSG00000198960.6	ARMCX6	Inactive	nonPAR
ENSG00000203402.2	RP11-571E6.3	Unknown	nonPAR
ENSG00000203650.3	RP4-562J12.2	Unknown	nonPAR
ENSG00000203870.5	SMIM9	Unknown	nonPAR
ENSG00000203879.7	GDI1	Inactive	nonPAR
ENSG00000203902.2	PNMA6B	Unknown	nonPAR
ENSG00000203923.4	SPANXN1	Unknown	nonPAR
ENSG00000203924.2	SPANXN2	Unknown	nonPAR
ENSG00000203926.4	SPANXA2	Unknown	nonPAR
ENSG00000203930.6	LINC00632	Unknown	nonPAR
ENSG00000203933.2	CXorf66	Inactive	nonPAR
ENSG00000203950.6	FAM127B	Inactive	nonPAR
ENSG00000203952.5	CCDC160	Unknown	nonPAR
ENSG00000203989.2	RHOXF2B	Unknown	nonPAR
ENSG00000204019.4	CXorf61	Unknown	nonPAR
ENSG00000204065.2	TCEAL5	Unknown	nonPAR
ENSG00000204071.5	TCEAL6	Unknown	nonPAR
ENSG00000204086.3	RPA4	Unknown	nonPAR
ENSG00000204116.7	CHIC1	Inactive	nonPAR
ENSG00000204118.1	NAP1L6	Unknown	nonPAR
ENSG00000204119.1	LINC00684	Unknown	nonPAR
ENSG00000204131.6	NHSL2	Variable	nonPAR
ENSG00000204165.5	CXorf65	Variable	nonPAR
ENSG00000204195.3	AWAT1	Inactive	nonPAR
ENSG00000204271.6	SPIN3	Inactive	nonPAR
ENSG00000204279.3	PAGE3	Unknown	nonPAR
ENSG00000204363.4	SPANXN5	Unknown	nonPAR
ENSG00000204375.5	XAGE1E	Unknown	nonPAR
ENSG00000204376.7	XAGE1D	Unknown	nonPAR
ENSG00000204379.6	XAGE1A	Unknown	nonPAR
ENSG00000204382.7	XAGE1B	Unknown	nonPAR
ENSG00000204620.2	AC115618.1	Unknown	nonPAR
ENSG00000204645.4	SSX4	Unknown	nonPAR
ENSG00000204904.3	CXorf31	Unknown	nonPAR
ENSG00000205081.4	CXorf30	Variable	nonPAR
ENSG00000205542.6	TMSB4X	Unknown	nonPAR
ENSG00000205642.5	VCX3B	Unknown	nonPAR
ENSG00000205662.2	RP11-706O15.7	Unknown	nonPAR
ENSG00000205663.5	RP11-706O15.5	Unknown	nonPAR
ENSG00000205664.6	RP11-706O15.1	Escape	nonPAR
ENSG00000205667.2	ARSH	Escape	nonPAR
ENSG00000205755.6	CRLF2	Unknown	PAR
ENSG00000205775.8	GAGE2E	Unknown	nonPAR
ENSG00000205777.13	GAGE1	Unknown	nonPAR
ENSG00000206062.4	RP13-212L9.1	Unknown	nonPAR
ENSG00000212663.2	RP1-122K4.3	Unknown	nonPAR
ENSG00000212747.3	FAM127C	Unknown	nonPAR
ENSG00000213397.6	HAUS7	Inactive	nonPAR
ENSG00000213401.4	MAGEA12	Escape	nonPAR
ENSG00000213468.3	RP11-453F18__B.1	Variable	nonPAR
ENSG00000214107.3	MAGEB1	Unknown	nonPAR
ENSG00000214717.5	ZBED1	Escape	PAR
ENSG00000214827.5	MTCP1	Inactive	nonPAR
ENSG00000214915.3	XX-FW80269A6.1	Unknown	nonPAR
ENSG00000215029.4	TCP11X2	Unknown	nonPAR
ENSG00000215046.4	TCP11X1	Unknown	nonPAR
ENSG00000215113.5	CXorf49B	Unknown	nonPAR
ENSG00000215115.5	CXorf49	Unknown	nonPAR
ENSG00000215162.1	LINC00269	Unknown	nonPAR
ENSG00000215269.5	GAGE12G	Unknown	nonPAR
ENSG00000215274.5	GAGE10	Unknown	nonPAR
ENSG00000215301.5	DDX3X	Escape	nonPAR
ENSG00000216649.3	GAGE12E	Unknown	nonPAR
ENSG00000221867.4	MAGEA3	Unknown	nonPAR
ENSG00000221870.2	TMEM257	Unknown	nonPAR
ENSG00000221994.6	ZNF630	Inactive	nonPAR
ENSG00000223438.1	RP1-171K16.5	Unknown	nonPAR
ENSG00000223486.1	AC092198.1	Unknown	nonPAR
ENSG00000223511.1	RP13-297E16.4	Unknown	PAR
ENSG00000223546.2	LINC00630	Unknown	nonPAR
ENSG00000223714.1	RP5-1172N10.2	Unknown	nonPAR
ENSG00000223742.1	RP11-149B9.2	Unknown	nonPAR
ENSG00000223749.3	MIR503HG	Inactive	nonPAR
ENSG00000223809.1	RP11-85L21.6	Unknown	nonPAR
ENSG00000224089.2	CT47A10	Unknown	nonPAR
ENSG00000224107.1	LINC00633	Unknown	nonPAR
ENSG00000224201.3	PNMA6A	Inactive	nonPAR
ENSG00000224294.1	RP3-326I13.1	Unknown	nonPAR
ENSG00000224440.1	CXorf51A	Unknown	nonPAR
ENSG00000224610.1	RP11-265P11.1	Unknown	nonPAR
ENSG00000224659.2	GAGE12J	Unknown	nonPAR
ENSG00000224902.5	GAGE12H	Unknown	nonPAR
ENSG00000224963.2	U82695.9	Unknown	nonPAR
ENSG00000225012.1	RP13-348B13.2	Unknown	nonPAR
ENSG00000225396.1	RP11-69A21.2	Unknown	nonPAR
ENSG00000225470.2	JPX	Escape	nonPAR
ENSG00000225689.1	RP1-30E17.2	Unknown	nonPAR
ENSG00000225882.1	RP3-410B11.1	Unknown	nonPAR
ENSG00000225970.1	RP3-526F5.2	Unknown	nonPAR
ENSG00000226023.2	CT47A6	Unknown	nonPAR
ENSG00000226372.1	DCAF8L1	Unknown	nonPAR
ENSG00000226434.1	RP11-1L9.1	Unknown	nonPAR
ENSG00000226530.1	RP11-348F1.2	Unknown	nonPAR
ENSG00000226600.2	CT47A9	Unknown	nonPAR
ENSG00000226685.2	CT47A12	Unknown	nonPAR
ENSG00000226784.1	PGAM4	Unknown	nonPAR
ENSG00000226854.1	RP11-212D3.4	Unknown	nonPAR
ENSG00000226907.4	CT45A6	Unknown	nonPAR
ENSG00000226929.2	CT47A11	Unknown	nonPAR
ENSG00000226985.1	RP11-142G7.2	Unknown	nonPAR
ENSG00000227042.1	RP6-1O2.1	Unknown	nonPAR
ENSG00000227060.2	LINC00629	Unknown	nonPAR
ENSG00000227234.1	SPANXB2	Unknown	nonPAR
ENSG00000227486.1	RP13-188A5.1	Unknown	nonPAR
ENSG00000227488.2	GAGE12D	Unknown	nonPAR
ENSG00000228139.1	GS1-421I3.4	Unknown	nonPAR
ENSG00000228160.1	RP13-57D9.3	Unknown	nonPAR
ENSG00000228372.3	RP11-85L21.4	Unknown	nonPAR
ENSG00000228459.2	CXorf28	Escape	nonPAR
ENSG00000228517.2	CT47A7	Unknown	nonPAR
ENSG00000228532.2	RP1-241P17.4	Unknown	nonPAR
ENSG00000228543.1	GS1-519E5.1	Unknown	nonPAR
ENSG00000228616.1	RP11-66N11.7	Unknown	nonPAR
ENSG00000228836.4	CT45A4	Unknown	nonPAR
ENSG00000228906.1	RP13-216E22.4	Unknown	nonPAR
ENSG00000228933.3	RP11-268G12.1	Unknown	nonPAR
ENSG00000229012.1	GS1-542M4.4	Unknown	nonPAR
ENSG00000229015.1	RP11-265D19.6	Unknown	nonPAR
ENSG00000229269.1	RP11-298A8.2	Unknown	nonPAR
ENSG00000229563.2	RP11-245M24.1	Unknown	nonPAR
ENSG00000229583.1	RP1-172N19.1	Unknown	nonPAR
ENSG00000229702.1	RP1-274L7.1	Unknown	nonPAR
ENSG00000229807.5	XIST	Escape	nonPAR
ENSG00000230100.1	RP11-344N17.8	Unknown	nonPAR
ENSG00000230105.1	RP11-431N15.2	Unknown	nonPAR
ENSG00000230153.1	AF003626.1	Unknown	nonPAR
ENSG00000230159.1	RP11-232D9.3	Unknown	nonPAR
ENSG00000230317.1	RP11-104D21.3	Unknown	nonPAR
ENSG00000230347.2	CT47A8	Unknown	nonPAR
ENSG00000230392.1	RP5-1139I1.1	Unknown	nonPAR
ENSG00000230394.1	RP11-692P14.1	Unknown	nonPAR
ENSG00000230542.1	LINC00102	Unknown	PAR
ENSG00000230590.3	FTX	Inactive	nonPAR
ENSG00000230594.2	CT47A4	Unknown	nonPAR
ENSG00000230797.2	YY2	Unknown	nonPAR
ENSG00000230844.2	ZNF674-AS1	Inactive	nonPAR
ENSG00000231110.1	AC004070.1	Unknown	nonPAR
ENSG00000231217.1	RP11-1M18.1	Unknown	nonPAR
ENSG00000231566.1	RP5-1158E12.3	Unknown	nonPAR
ENSG00000231772.1	RP1-154K9.2	Unknown	nonPAR
ENSG00000231774.1	RP11-402P6.11	Unknown	nonPAR
ENSG00000231846.1	RP11-494I9.2	Unknown	nonPAR
ENSG00000231850.3	GAGE2B	Unknown	nonPAR
ENSG00000232119.3	MCTS1	Inactive	nonPAR
ENSG00000232412.1	RP1-315G1.3	Unknown	nonPAR
ENSG00000232417.5	CT45A3	Unknown	nonPAR
ENSG00000232478.4	CT45A1	Unknown	nonPAR
ENSG00000232593.2	RP11-258C19.5	Inactive	nonPAR
ENSG00000232611.1	RP11-1114A5.4	Unknown	nonPAR
ENSG00000233067.2	RP11-40F8.2	Unknown	nonPAR
ENSG00000233103.1	RP11-524P6.1	Unknown	nonPAR
ENSG00000233145.1	RP11-364B14.1	Unknown	nonPAR
ENSG00000233403.1	RP11-86A5.1	Unknown	nonPAR
ENSG00000233535.1	RP1-122K4.2	Unknown	nonPAR
ENSG00000233571.1	RP11-545D19.1	Unknown	nonPAR
ENSG00000233889.1	AL353698.1	Unknown	nonPAR
ENSG00000233928.1	RP11-305F18.1	Unknown	nonPAR
ENSG00000234019.1	RP11-236P24.3	Unknown	nonPAR
ENSG00000234068.2	PAGE2	Unknown	nonPAR
ENSG00000234129.3	RP11-120D5.1	Unknown	nonPAR
ENSG00000234191.1	RP11-157D23.2	Unknown	nonPAR
ENSG00000234390.4	USP27X-AS1	Inactive	nonPAR
ENSG00000234449.2	RP11-706O15.3	Unknown	nonPAR
ENSG00000234469.2	AC002365.1	Unknown	nonPAR
ENSG00000234493.1	GS1-421I3.2	Unknown	nonPAR
ENSG00000234613.1	RP5-1158E12.1	Unknown	nonPAR
ENSG00000234622.1	RP13-297E16.5	Unknown	PAR
ENSG00000234766.1	RP11-56H2.2	Unknown	nonPAR
ENSG00000235244.3	RP11-761E20.1	Unknown	nonPAR
ENSG00000235304.1	RP11-265P11.2	Unknown	nonPAR
ENSG00000235385.1	GS1-600G8.5	Escape	nonPAR
ENSG00000235461.1	RP5-928E24.2	Unknown	nonPAR
ENSG00000235604.1	SPANXB1	Unknown	nonPAR
ENSG00000235699.2	CXorf51B	Unknown	nonPAR
ENSG00000235806.1	RP4-646N3.1	Unknown	nonPAR
ENSG00000235813.1	RP11-308B5.2	Unknown	nonPAR
ENSG00000235961.3	PNMA6C	Unknown	nonPAR
ENSG00000236091.1	RP3-473B4.3	Unknown	nonPAR
ENSG00000236120.2	RP11-733O18.1	Unknown	nonPAR
ENSG00000236126.2	CT47A3	Unknown	nonPAR
ENSG00000236249.6	GAGE2C	Unknown	nonPAR
ENSG00000236362.5	GAGE12F	Unknown	nonPAR
ENSG00000236371.3	CT47A1	Unknown	nonPAR
ENSG00000236393.1	RP11-320G24.1	Unknown	nonPAR
ENSG00000236446.2	CT47B1	Unknown	nonPAR
ENSG00000236513.1	RP11-707P20.1	Unknown	nonPAR
ENSG00000236737.1	GAGE12B	Unknown	nonPAR
ENSG00000236747.1	RP11-157D23.1	Unknown	nonPAR
ENSG00000236751.1	RP1-30G7.2	Unknown	nonPAR
ENSG00000236871.2	LINC00106	Escape	PAR
ENSG00000237019.1	GS1-433O24.1	Unknown	nonPAR
ENSG00000237208.1	RP11-13E5.2	Unknown	nonPAR
ENSG00000237531.1	RP11-309M23.1	Unknown	PAR
ENSG00000237597.4	GAGE13	Unknown	nonPAR
ENSG00000237671.3	GAGE12C	Unknown	nonPAR
ENSG00000237736.1	U82670.4	Unknown	nonPAR
ENSG00000237957.3	CT47A5	Unknown	nonPAR
ENSG00000238039.1	AF011889.2	Unknown	nonPAR
ENSG00000238106.1	RP11-402P6.7	Unknown	nonPAR
ENSG00000238210.2	RP13-210D15.4	Unknown	nonPAR
ENSG00000238269.4	PAGE2B	Unknown	nonPAR
ENSG00000239407.1	LL0XNC01-237H1.2	Unknown	nonPAR
ENSG00000240257.2	GAGE2D	Unknown	nonPAR
ENSG00000241343.5	RPL36A	Inactive	nonPAR
ENSG00000241465.2	GAGE12I	Unknown	nonPAR
ENSG00000241476.3	SSX2	Unknown	nonPAR
ENSG00000241489.3	IDS	Unknown	nonPAR
ENSG00000241743.2	RP5-964N17.1	Unknown	nonPAR
ENSG00000242013.4	USP27X	Unknown	nonPAR
ENSG00000242021.2	RP11-268G12.3	Escape	nonPAR
ENSG00000242185.3	CT45A2	Unknown	nonPAR
ENSG00000242284.3	CT45A5	Unknown	nonPAR
ENSG00000242362.1	CT47A2	Unknown	nonPAR
ENSG00000242732.3	RGAG4	Inactive	nonPAR
ENSG00000243279.2	PRAF2	Inactive	nonPAR
ENSG00000243978.4	RGAG1	Variable	nonPAR
ENSG00000247746.4	USP51	Unknown	nonPAR
ENSG00000250232.1	AF196779.12	Unknown	nonPAR
ENSG00000250349.3	TM4SF2	Unknown	nonPAR
ENSG00000250423.2	KIAA1210	Variable	nonPAR
ENSG00000251192.3	ZNF674	Inactive	nonPAR
ENSG00000256045.1	MTRNR2L10	Unknown	nonPAR
ENSG00000257088.2	PNMA6D	Unknown	nonPAR
ENSG00000257529.1	RPL36A-HNRNPH2	Inactive	nonPAR
ENSG00000259849.1	VENTXP1	Escape	nonPAR
ENSG00000259886.1	U82695.10	Unknown	nonPAR
ENSG00000259977.1	AL121578.2	Unknown	nonPAR
ENSG00000260118.1	RP6-201G10.2	Unknown	nonPAR
ENSG00000260548.1	RP6-24A23.6	Unknown	nonPAR
ENSG00000260585.1	RP13-192B19.2	Unknown	nonPAR
ENSG00000260683.1	CTD-2076M15.1	Unknown	nonPAR
ENSG00000260802.1	LINC00890	Unknown	nonPAR
ENSG00000261030.1	RP11-791M20.1	Unknown	nonPAR
ENSG00000261435.1	MIR1587	Unknown	nonPAR
ENSG00000269902.1	RP6-99M1.3	Unknown	nonPAR
ENSG00000269993.1	AF003625.3	Unknown	nonPAR
ENSG00000270012.1	LL0XNC01-7P3.1	Unknown	nonPAR
ENSG00000270052.1	WI2-80269A6.1	Unknown	nonPAR
ENSG00000270069.1	RP6-99M1.2	Escape	nonPAR
ENSG00000270189.1	RP11-258C19.7	Inactive	nonPAR
ENSG00000270641.1	TSIX	Unknown	nonPAR
ENSG00000272294.1	RP3-326L13.3	Unknown	nonPAR
